{"cameraMode":{"drawMode":0,"name":"Shaded","section":"Shading Mode"},"sceneLighting":true,"audioPlay":false,"sceneViewState":{"showFog":true,"showMaterialUpdate":false,"showSkybox":true,"showFlares":true,"showImageEffects":true,"showParticleSystems":true},"in2DMode":false,"pivot":{"x":543.7827758789063,"y":405.427978515625,"z":777.023193359375},"rotation":{"x":-0.13636691868305207,"y":-0.01575358211994171,"z":0.0021717639174312355,"w":-0.990536093711853},"size":2230.684326171875,"orthographic":false}